{"cameraMode":{"drawMode":0,"name":"Shaded","section":"Shading Mode"},"sceneLighting":false,"audioPlay":false,"sceneViewState":{"m_AlwaysRefresh":false,"showFog":true,"showSkybox":false,"showFlares":true,"showImageEffects":true,"showParticleSystems":true,"showVisualEffectGraphs":true,"m_FxEnabled":true},"in2DMode":false,"pivot":{"x":0.10587096214294434,"y":1.2233186960220338,"z":2.7065505981445314},"rotation":{"x":-0.17339478433132173,"y":-0.31460967659950259,"z":0.05643235519528389,"w":-0.9318347573280335},"size":2.4874684810638429,"orthographic":false}