{"cameraMode":{"drawMode":0,"name":"Shaded","section":"Shading Mode"},"sceneLighting":true,"audioPlay":false,"sceneViewState":{"m_AlwaysRefresh":false,"showFog":true,"showSkybox":true,"showFlares":true,"showImageEffects":true,"showParticleSystems":true,"showVisualEffectGraphs":true,"m_FxEnabled":true},"in2DMode":false,"pivot":{"x":0.4060904085636139,"y":2.660813570022583,"z":-2.864670515060425},"rotation":{"x":-0.09577825665473938,"y":-0.3261224627494812,"z":0.032788295298814777,"w":-0.9400025010108948},"size":0.3206634521484375,"orthographic":false}